{"cameraMode":{"drawMode":0,"name":"Shaded","section":"Shading Mode"},"sceneLighting":false,"audioPlay":false,"sceneViewState":{"m_AlwaysRefresh":false,"showFog":true,"showSkybox":false,"showFlares":true,"showImageEffects":true,"showParticleSystems":true,"showVisualEffectGraphs":true,"m_FxEnabled":true},"in2DMode":false,"pivot":{"x":61.58601379394531,"y":3.256457805633545,"z":0.42584511637687685},"rotation":{"x":-0.024762887507677079,"y":0.4602723717689514,"z":0.012841766700148583,"w":0.8873458504676819},"size":3.013841390609741,"orthographic":true}