{"cameraMode":{"drawMode":0,"name":"Shaded","section":"Shading Mode"},"sceneLighting":false,"audioPlay":false,"sceneViewState":{"m_AlwaysRefresh":false,"showFog":true,"showSkybox":false,"showFlares":true,"showImageEffects":true,"showParticleSystems":true,"showVisualEffectGraphs":true,"m_FxEnabled":true},"in2DMode":false,"pivot":{"x":72.94999694824219,"y":5.290804862976074,"z":28.6743106842041},"rotation":{"x":0.14490842819213868,"y":-0.032644979655742648,"z":0.004783483687788248,"w":0.9888956546783447},"size":5.468082904815674,"orthographic":true}