{"cameraMode":{"drawMode":0,"name":"Shaded","section":"Shading Mode"},"sceneLighting":true,"audioPlay":false,"sceneViewState":{"m_AlwaysRefresh":false,"showFog":true,"showSkybox":true,"showFlares":true,"showImageEffects":true,"showParticleSystems":true,"showVisualEffectGraphs":true,"m_FxEnabled":true},"in2DMode":false,"pivot":{"x":-17.233036041259767,"y":23.634979248046876,"z":-16.691701889038087},"rotation":{"x":-0.23486530780792237,"y":-0.23431825637817384,"z":0.05872688069939613,"w":-0.9416311383247376},"size":0.5795750021934509,"orthographic":false}