{"cameraMode":{"drawMode":0,"name":"Shaded","section":"Shading Mode"},"sceneLighting":false,"audioPlay":false,"sceneViewState":{"m_AlwaysRefresh":false,"showFog":true,"showSkybox":false,"showFlares":true,"showImageEffects":true,"showParticleSystems":true,"showVisualEffectGraphs":true,"m_FxEnabled":true},"in2DMode":false,"pivot":{"x":58.7428092956543,"y":2.183762311935425,"z":64.9378890991211},"rotation":{"x":0.032951388508081439,"y":0.05095026642084122,"z":-0.0016836639260873199,"w":0.9981585741043091},"size":2.9879932403564455,"orthographic":false}