{"cameraMode":{"drawMode":0,"name":"Shaded","section":"Shading Mode"},"sceneLighting":false,"audioPlay":false,"sceneViewState":{"m_AlwaysRefresh":false,"showFog":true,"showSkybox":false,"showFlares":true,"showImageEffects":true,"showParticleSystems":true,"showVisualEffectGraphs":true,"m_FxEnabled":true},"in2DMode":false,"pivot":{"x":-0.5453212261199951,"y":0.004019573330879211,"z":0.001960083842277527},"rotation":{"x":0.14490842819213868,"y":-0.032644979655742648,"z":0.004783483687788248,"w":0.9888956546783447},"size":0.6116160154342651,"orthographic":true}